rating,moviename
2,Ulli Lommel's Black Dahlia
2,Perfect 10 Model Boxing: Vol. 1
2,Curse of the Zodiac
2,Back to Normandy
2,Dholi Taaro Dhol Waage
2,Leo the Last
2,Almost Blue
2,Pavilion Salamandre
2,Super  Girls
2,The Pit and the Pendulum
2,Sesh Sanghat
2,Northeast
2,1313: Billy the Kid
2,The Young Sinner
2,The Last Soul on a Summer Night
2,Camera Afrique
2,The Fumbleheads
2,It's All Over Town
2,Punk in Africa
2,Determinism
2,Jackie Mason Is...One Angry Man
2,Gypsy Davy
2,Shinobi Girl: Season 1
2,Shinobi Girl
