firstname,startdate,enddate,status
Guy,1/28/2006 0:00,,Current
Kevin,8/26/2006 0:00,,Current
Roberto,6/11/2007 0:00,,Current
Rob,7/5/2007 0:00,12/28/2009 0:00,
Rob,12/28/2009 0:00,,Current
Thierry,7/11/2007 0:00,,Current
David,7/20/2007 0:00,2/11/2009 0:00,
David,2/12/2009 0:00,,Current
JoLynn,7/26/2007 0:00,,Current
Ruth,8/6/2007 0:00,,Current
Gail,8/6/2007 0:00,,Current
Barry,8/7/2007 0:00,,Current
Jossef,8/24/2007 0:00,,Current
Terri,8/31/2007 0:00,,Current
Sidney,9/2/2007 0:00,,Current
Taylor,9/8/2007 0:00,,Current
Jeffrey,9/20/2007 0:00,,Current
Jo,9/27/2007 0:00,,Current
Doris,10/9/2007 0:00,,Current
John,10/16/2007 0:00,,Current
Diane,10/27/2007 0:00,,Current
Steven,7/1/2008 0:00,,Current
Peter,7/1/2008 0:00,,Current
Stuart,7/2/2008 0:00,,Current
Greg,7/2/2008 0:00,,Current
David,7/2/2008 0:00,,Current
Zheng,7/3/2008 0:00,,Current
Ivo,7/4/2008 0:00,,Current
Paul,7/4/2008 0:00,,Current
Ashvini,7/4/2008 0:00,,Current
Kendall,7/5/2008 0:00,,Current
Paula,7/6/2008 0:00,,Current
Alejandro,7/6/2008 0:00,,Current
Garrett,7/7/2008 0:00,,Current
Jian Shuo,7/7/2008 0:00,,Current
Susan,7/7/2008 0:00,,Current
Vamsi,7/7/2008 0:00,,Current
Alice,7/7/2008 0:00,,Current
Simon,7/8/2008 0:00,,Current
Jinghao,7/8/2008 0:00,,Current
Michael,7/9/2008 0:00,,Current
Yvonne,7/9/2008 0:00,,Current
Peng,7/9/2008 0:00,,Current
Jean,7/11/2008 0:00,,Current
Russell,7/12/2008 0:00,,Current
A. Scott,7/12/2008 0:00,,Current
Fred,7/12/2008 0:00,,Current
Sariya,7/12/2008 0:00,,Current
Willis,7/13/2008 0:00,,Current
Jun,7/14/2008 0:00,,Current
Christian,7/14/2008 0:00,,Current
Susan,7/14/2008 0:00,,Current
Reuben,7/15/2008 0:00,,Current
Kirk,7/15/2008 0:00,,Current
David,7/15/2008 0:00,,Current
Tengiz,7/16/2008 0:00,,Current
Hanying,7/16/2008 0:00,,Current
Kevin,7/17/2008 0:00,,Current
Annik,7/17/2008 0:00,,Current
Suroor,7/17/2008 0:00,,Current
Deborah,7/18/2008 0:00,,Current
Jim,7/19/2008 0:00,,Current
Carole,7/19/2008 0:00,,Current
George,7/21/2008 0:00,,Current
Gary,7/22/2008 0:00,,Current
Cristian,7/22/2008 0:00,,Current
Raymond,7/23/2008 0:00,,Current
Janaina,7/23/2008 0:00,,Current
Bob,7/24/2008 0:00,,Current
Shammi,7/24/2008 0:00,,Current
Linda,7/25/2008 0:00,,Current
Mindy,7/25/2008 0:00,,Current
Wendy,7/25/2008 0:00,,Current
Kim,7/26/2008 0:00,,Current
Sandra,7/26/2008 0:00,,Current
Kok-Ho,7/27/2008 0:00,,Current
Douglas,7/27/2008 0:00,,Current
James,7/27/2008 0:00,,Current
Sean,7/28/2008 0:00,,Current
Nitin,7/28/2008 0:00,,Current
Diane,7/29/2008 0:00,,Current
Rebecca,7/29/2008 0:00,,Current
Rajesh,7/31/2008 0:00,,Current
Vidur,8/1/2008 0:00,,Current
John,8/1/2008 0:00,,Current
Nancy,8/2/2008 0:00,,Current
Pilar,8/2/2008 0:00,,Current
David,8/2/2008 0:00,,Current
David,8/3/2008 0:00,,Current
Laura,8/3/2008 0:00,,Current
Margie,8/4/2008 0:00,,Current
Zainal,8/4/2008 0:00,,Current
Lorraine,8/4/2008 0:00,,Current
Fadi,8/4/2008 0:00,,Current
Ryan,8/5/2008 0:00,,Current
Candy,8/6/2008 0:00,,Current
Nuan,8/6/2008 0:00,,Current
William,8/7/2008 0:00,3/31/2011 0:00,
William,4/1/2011 0:00,,Current
Bjorn,8/7/2008 0:00,,Current
Scott,8/8/2008 0:00,,Current
Michael,8/10/2008 0:00,,Current
Lane,8/11/2008 0:00,,Current
Pete,8/11/2008 0:00,,Current
Dan,8/11/2008 0:00,,Current
David,8/12/2008 0:00,,Current
Lolan,8/12/2008 0:00,,Current
Paula,8/12/2008 0:00,,Current
Mary,8/12/2008 0:00,,Current
Mindaugas,8/13/2008 0:00,,Current
Eric,8/14/2008 0:00,,Current
Ken,8/14/2008 0:00,,Current
Jason,8/14/2008 0:00,,Current
Mark,8/15/2008 0:00,,Current
Janeth,8/15/2008 0:00,,Current
Marc,8/16/2008 0:00,,Current
Gigi,8/16/2008 0:00,,Current
Paul,8/17/2008 0:00,,Current
Frank,8/17/2008 0:00,,Current
François,8/17/2008 0:00,,Current
Diane,8/18/2008 0:00,,Current
Jill,8/18/2008 0:00,,Current
Angela,8/20/2008 0:00,,Current
Matthias,8/20/2008 0:00,,Current
Bryan,8/21/2008 0:00,,Current
Jeff,8/21/2008 0:00,,Current
Eugene,8/21/2008 0:00,,Current
Barbara,8/22/2008 0:00,,Current
Chris,8/22/2008 0:00,,Current
Sean,8/22/2008 0:00,,Current
Dan,8/22/2008 0:00,,Current
Mark,8/23/2008 0:00,,Current
Bryan,8/24/2008 0:00,,Current
Houman,8/25/2008 0:00,,Current
Sairaj,8/26/2008 0:00,,Current
Michiko,8/26/2008 0:00,,Current
Benjamin,8/27/2008 0:00,,Current
Cynthia,8/27/2008 0:00,,Current
Kathie,8/27/2008 0:00,,Current
Britta,8/29/2008 0:00,,Current
Brian,8/29/2008 0:00,,Current
David,8/30/2008 0:00,,Current
Laura,8/31/2008 0:00,6/13/2013 0:00,
Laura,6/13/2013 0:00,,Current
Michael,8/31/2008 0:00,,Current
Andy,8/31/2008 0:00,,Current
Yuhong,9/1/2008 0:00,,Current
Robert,9/2/2008 0:00,,Current
Andreas,9/2/2008 0:00,,Current
Reed,9/2/2008 0:00,,Current
Linda,9/3/2008 0:00,,Current
James,9/3/2008 0:00,,Current
Ramesh,9/3/2008 0:00,,Current
Stephanie,9/4/2008 0:00,,Current
Samantha,9/4/2008 0:00,,Current
Tawana,9/5/2008 0:00,,Current
Denise,9/5/2008 0:00,,Current
Hao,9/6/2008 0:00,,Current
Alex,9/8/2008 0:00,,Current
Eugene,9/8/2008 0:00,,Current
Brandon,9/8/2008 0:00,,Current
Dylan,9/8/2008 0:00,,Current
Shane,9/8/2008 0:00,,Current
John,9/9/2008 0:00,,Current
Karen,9/9/2008 0:00,,Current
Jose,9/10/2008 0:00,,Current
Mandar,9/10/2008 0:00,,Current
Mikael,9/10/2008 0:00,,Current
Sameer,9/11/2008 0:00,,Current
Dragan,9/11/2008 0:00,,Current
Carol,9/12/2008 0:00,,Current
Rob,9/13/2008 0:00,,Current
Don,9/13/2008 0:00,,Current
Alan,9/13/2008 0:00,,Current
David,9/14/2008 0:00,,Current
Baris,9/15/2008 0:00,,Current
Michael,9/15/2008 0:00,,Current
Steve,9/15/2008 0:00,,Current
Suchitra,9/16/2008 0:00,,Current
Karen,9/16/2008 0:00,,Current
Terrence,9/16/2008 0:00,,Current
Barbara,9/18/2008 0:00,,Current
Chad,9/18/2008 0:00,,Current
Rostislav,9/19/2008 0:00,,Current
Belinda,9/20/2008 0:00,,Current
Katie,9/20/2008 0:00,,Current
Russell,9/21/2008 0:00,,Current
Jack,9/21/2008 0:00,,Current
Andrew,9/22/2008 0:00,,Current
Nicole,9/22/2008 0:00,,Current
Frank,9/23/2008 0:00,,Current
Peter,9/23/2008 0:00,,Current
Anibal,9/23/2008 0:00,,Current
Ken,9/24/2008 0:00,,Current
Grant,9/25/2008 0:00,,Current
Michael,9/25/2008 0:00,,Current
Lionel,9/26/2008 0:00,,Current
Thomas,9/26/2008 0:00,,Current
Jimmy,9/26/2008 0:00,,Current
Michael,9/26/2008 0:00,,Current
Lori,9/26/2008 0:00,,Current
Arvind,9/28/2008 0:00,,Current
Stefen,9/28/2008 0:00,,Current
Hazem,9/28/2008 0:00,,Current
Janet,9/29/2008 0:00,,Current
Elizabeth,9/30/2008 0:00,,Current
Terry,9/30/2008 0:00,,Current
John,10/1/2008 0:00,,Current
Merav,10/1/2008 0:00,,Current
Brian,10/1/2008 0:00,,Current
Kitti,10/2/2008 0:00,,Current
Jay,10/3/2008 0:00,,Current
Jan,10/3/2008 0:00,,Current
Brenda,10/3/2008 0:00,,Current
Andrew,10/4/2008 0:00,,Current
Chris,10/4/2008 0:00,,Current
Chris,10/5/2008 0:00,,Current
Shelley,10/5/2008 0:00,,Current
Gabe,10/6/2008 0:00,,Current
Mike,10/6/2008 0:00,,Current
Michael,12/1/2008 0:00,,Current
Gary,7/2/2009 0:00,,Current
Charles,7/3/2009 0:00,,Current
Ebru,7/6/2009 0:00,,Current
Sylvester,7/11/2009 0:00,,Current
Brian,7/11/2009 0:00,,Current
Linda,7/17/2009 0:00,,Current
Betsy,7/18/2009 0:00,,Current
Magnus,7/21/2009 0:00,,Current
Karan,7/22/2009 0:00,,Current
Mary,7/25/2009 0:00,,Current
Kevin,7/25/2009 0:00,,Current
Mihail,7/29/2009 0:00,,Current
Bonnie,8/1/2009 0:00,,Current
Fukiko,8/4/2009 0:00,,Current
Hung-Fu,8/6/2009 0:00,,Current
Gordon,8/11/2009 0:00,,Current
Kimberly,8/12/2009 0:00,,Current
Kim,8/16/2009 0:00,,Current
Sandeep,8/17/2009 0:00,,Current
Prasanna,8/22/2009 0:00,,Current
Frank,8/23/2009 0:00,,Current
Min,8/24/2009 0:00,,Current
Eric,8/24/2009 0:00,,Current
Eric,8/27/2009 0:00,,Current
Pat,8/27/2009 0:00,,Current
Maciej,8/29/2009 0:00,,Current
Erin,8/31/2009 0:00,,Current
Patrick,9/1/2009 0:00,,Current
Frank,9/5/2009 0:00,,Current
Ed,9/5/2009 0:00,,Current
Christopher,9/8/2009 0:00,,Current
Patrick,9/12/2009 0:00,,Current
Krishna,9/13/2009 0:00,,Current
Lori,9/16/2009 0:00,,Current
Danielle,9/20/2009 0:00,,Current
Sootha,9/23/2009 0:00,,Current
Michael,9/23/2009 0:00,,Current
Randy,9/23/2009 0:00,,Current
John,9/27/2009 0:00,,Current
Jack,10/1/2009 0:00,,Current
Olinda,10/2/2009 0:00,,Current
Stuart,10/3/2009 0:00,,Current
Jo,10/5/2009 0:00,,Current
Ben,10/7/2009 0:00,,Current
Tom,10/8/2009 0:00,,Current
Ovidiu,7/5/2010 0:00,,Current
Annette,7/6/2010 0:00,,Current
Janice,7/23/2010 0:00,,Current
Reinout,7/25/2010 0:00,,Current
Michael,7/30/2010 0:00,,Current
Stephen,8/4/2010 0:00,,Current
Wanida,8/7/2010 0:00,,Current
Sharon,8/18/2010 0:00,,Current
John,9/7/2010 0:00,,Current
Mary,9/14/2010 0:00,,Current
Brian,9/15/2010 0:00,,Current
Sheela,9/25/2010 0:00,2/27/2011 0:00,
Sheela,2/28/2011 0:00,2/12/2012 0:00,
Sheela,2/13/2012 0:00,,Current
Michael,12/29/2010 0:00,,Current
Linda,12/29/2010 0:00,,Current
Jillian,12/29/2010 0:00,,Current
Garrett,12/29/2010 0:00,,Current
Tsvi,12/29/2010 0:00,,Current
Pamela,12/29/2010 0:00,,Current
Shu,12/29/2010 0:00,,Current
José,12/29/2010 0:00,,Current
David,12/29/2010 0:00,,Current
Amy,11/15/2011 0:00,,Current
Jae,12/29/2011 0:00,,Current
Ranjit,12/29/2011 0:00,,Current
Tete,4/30/2012 0:00,,Current
Syed,10/12/2012 0:00,,Current
Rachel,12/28/2012 0:00,,Current
Lynn,12/28/2012 0:00,,Current
